arima_mse,lstm_mse,prophet_mse
0.4461995438232737,0.9175557951543575,inf
